{
    "min": [
        0.8774193548387097,
        0.7756653992395437
    ],
    "scale": [
        0.0032258064516129032,
        0.0038022813688212928
    ],
    "threshold": 0.25
}